{"pts_last5_avg": 0.019854404611727543, "pts_last10_avg": 0.054742286698492515, "reb_last5_avg": 0.027595513477578586, "reb_last10_avg": 0.07968140503909403, "ast_last5_avg": 0.03134464726180496, "ast_last10_avg": 0.002520790952256875, "min_last5_avg": 0.0025187746872429133, "min_last10_avg": 0.02152009703012898, "pts_last10_std": 0.04913423630307923, "reb_last10_std": 0.004673441476055919, "ast_last10_std": 0.028167554136574326, "fga_last5_avg": 0.01051934430082182, "fta_last5_avg": 0.01324863390445087, "tov_last5_avg": 0.008810549383523434, "season_pts_avg": 0.0321389360815862, "season_reb_avg": 0.01603241205714586, "season_ast_avg": 0.019718630192645855, "season_min_avg": 0.16643621962390467, "is_starter": 0.0, "position_encoded": 0.0, "opp_def_rating": 0.01586994040729976, "opp_pace": 0.21446489653755132, "opp_pts_allowed_per_game": 0.114160260854417, "opp_reb_allowed_per_game": 0.009200253006274622, "opp_ast_allowed_per_game": 0.003890399380064019, "is_home_game": 4.211953631675759e-10, "team_pace_last5": 0.003063802035898333, "opp_pace_last5": 0.011834859259421628, "team_off_rating_last5": 0.01584911860987012, "opp_def_rating_last5": 0.022155045869606874, "team_days_rest": 0.0008473123839148326, "opp_days_rest": 6.1089621506089875e-06, "team_back_to_back_flag": 0.0, "opp_back_to_back_flag": 1.2505422089932816e-07}