{"pts_last5_avg": 0.019854404611727605, "pts_last10_avg": 0.05474228669849254, "reb_last5_avg": 0.02759551347757858, "reb_last10_avg": 0.07968140503909403, "ast_last5_avg": 0.03134464726180492, "ast_last10_avg": 0.0025207909522568794, "min_last5_avg": 0.0025187746872428994, "min_last10_avg": 0.021520097030128988, "pts_last10_std": 0.04913423630307913, "reb_last10_std": 0.004673441476055917, "ast_last10_std": 0.028167554136574287, "fga_last5_avg": 0.010519344300821824, "fta_last5_avg": 0.013248633904450888, "tov_last5_avg": 0.008810549383523473, "season_pts_avg": 0.03213893608158623, "season_reb_avg": 0.016032412057145857, "season_ast_avg": 0.019718630192645872, "season_min_avg": 0.1664362196239047, "is_starter": 0.0, "position_encoded": 0.0, "opp_def_rating": 0.015869940407299776, "opp_pace": 0.21446489653755138, "opp_pts_allowed_per_game": 0.114160260854417, "opp_reb_allowed_per_game": 0.009200253006274587, "opp_ast_allowed_per_game": 0.003890399380064047, "is_home_game": 4.2119536316730265e-10, "team_pace_last5": 0.003063802035898331, "opp_pace_last5": 0.011834859259421585, "team_off_rating_last5": 0.01584911860987015, "opp_def_rating_last5": 0.02215504586960688, "team_days_rest": 0.0008473123839148374, "opp_days_rest": 6.1089621506075534e-06, "team_back_to_back_flag": 0.0, "opp_back_to_back_flag": 1.2505422089932654e-07}