{"pts_last5_avg": 0.019854404611727605, "pts_last10_avg": 0.05474228669849254, "reb_last5_avg": 0.02759551347757858, "reb_last10_avg": 0.07968140503909402, "ast_last5_avg": 0.03134464726180491, "ast_last10_avg": 0.002520790952256865, "min_last5_avg": 0.002518774687242897, "min_last10_avg": 0.02152009703012899, "pts_last10_std": 0.049134236303079115, "reb_last10_std": 0.004673441476055915, "ast_last10_std": 0.028167554136574287, "fga_last5_avg": 0.010519344300821819, "fta_last5_avg": 0.013248633904450883, "tov_last5_avg": 0.008810549383523462, "season_pts_avg": 0.03213893608158621, "season_reb_avg": 0.016032412057145857, "season_ast_avg": 0.019718630192645876, "season_min_avg": 0.16643621962390467, "is_starter": 0.0, "position_encoded": 0.0, "opp_def_rating": 0.01586994040729977, "opp_pace": 0.21446489653755138, "opp_pts_allowed_per_game": 0.11416026085441697, "opp_reb_allowed_per_game": 0.009200253006274582, "opp_ast_allowed_per_game": 0.003890399380064049, "is_home_game": 4.211953631697053e-10, "team_pace_last5": 0.0030638020358983303, "opp_pace_last5": 0.011834859259421586, "team_off_rating_last5": 0.01584911860987013, "opp_def_rating_last5": 0.02215504586960688, "team_days_rest": 0.0008473123839148374, "opp_days_rest": 6.108962150607459e-06, "team_back_to_back_flag": 0.0, "opp_back_to_back_flag": 1.2505422089933663e-07}